<?xml version="1.0" encoding="utf-8"?>
<odoo>
    <data>


         <record id="group_transfer_cheque" model="res.groups">
            <field name="name">Transfer Cheque</field>
        </record>

         <record id="group_draft_cheque" model="res.groups">
            <field name="name">Draft Cheque</field>
        </record>


        <record id="rule_only_document_cheques" model="ir.rule">
            <field name="name">User Only document Check</field>
            <field name="model_id" ref="model_cheque_document"/>
            <field name="domain_force">['|',('company_id','=',False),('company_id', 'in', company_ids)]</field>
        </record>
    </data>
</odoo>